Strategy,Return_Pct,Win_Rate_Pct,Total_Trades,Total_Profit,Avg_Win,Avg_Loss,Risk_Reward_Ratio
Original,3.34,90.0,2869,524.39,0.2376502003082423,-0.28057218110859916,0.8470198270164805
Improved,10.16,88.0,3641,1472.94,0.5347003145737421,-0.07105387317600433,7.525280335517533
